Mes,Tipo de cambio nominal promedio mensual
ene-19,10.00559
feb-19,10.3204219
mar-19,10.7951691
abr-19,11.1076683
